idpersonal,idCurricula
12,114
12,218
16,218
37,218
61,218
67,218
68,218
69,218
293,2
328,149
534,14
577,7
590,26
603,13
608,7
611,3
622,14
623,9
623,10
623,13
623,14
627,10
825,48
865,7
1078,13
1104,14
1216,153
1660,5
1778,9
1793,134
1812,7
1845,15
1847,148
1855,4
2024,10
2069,151
2225,150
2225,152
2266,15
2304,131
2344,138
2394,12
2541,1
2550,11
2626,6
2628,11
2662,154
2760,12
2763,14
2771,14
2777,6
2783,7
2787,13
2804,7
2829,27
2831,10
